question,answer
È sicuro prenotare biglietti online?,"Facciamo del nostro meglio per tutelare e archiviare i dati degli utenti in modo sicuro, evitando accessi, utilizzo, alterazioni o eliminazioni non autorizzati. Prestiamo la massima attenzione alla trasmissione sicura di dati personali e finanziari attraverso canali crittografati e utilizziamo tecnologia SSL all'avanguardia. Offriamo inoltre un servizio di sicurezza online per titolari di carte VISA e MasterCard. Gli schemi di verifica tramite Verified by VISA e MasterCard Secure Code permettono di registrare una password aggiuntiva per la carta di credito in modo da evitare acquisti non autorizzati. Se la tua banca ha aderito a uno dei due schermi, ti verrà chiesto di completare la registrazione durante la procedura di pagamento. È sufficiente seguire le istruzioni online per impostare la password aggiuntiva. Alcune banche offrono inoltre la possibilità di effettuare la registrazione in un secondo momento, mentre altre richiedono la registrazione immediata per completare la transazione online. Questi schemi diventeranno presto obbligatori per tutti i titolari di carte di pagamento. Per eventuali domande, rivolgiti direttamente al circuito emittente della tua carta."
È possibile prenotare voli di collegamento?,"Wizz Air non opera voli di collegamento e non è in grado di agevolare il trasferimento di passeggeri o relativi bagagli su altri voli (operati da Wizz Air o da altri vettori). Pertanto, Wizz Air declina ogni responsabilità in caso di voli persi. In caso di prenotazione di più voli Wizz Air lo stesso giorno, i voli non vengono considerati voli di collegamento. Sarà necessario ritirare il bagaglio, uscire dall'area di transito, recarsi al check-in, consegnare il bagaglio, procedere nuovamente ai controlli di sicurezza e immigrazione per il volo successivo. Accertarsi di disporre di documenti di viaggio validi per tutti i paesi di partenza/arrivo. Consigliamo ai passeggeri di calcolare correttamente i tempi tra arrivo del primo volo e partenza del volo successivo."
"Avevo quasi completato la prenotazione quando ho visualizzato il messaggio ""Sessione scaduta"". Che significa?","Per motivi di sicurezza è previsto un limite di 30 minuti per effettuare una prenotazione. Scaduto il tempo, il sistema si disconnette automaticamente. Se il messaggio compare alla fine della procedura di prenotazione, contatta il Call center di Wizz Air , indicando la data di partenza e la rotta per verificare che la prenotazione sia andata a buon fine."
Cosa fare se due passeggeri della stessa prenotazione hanno lo stesso nome e cognome?,"Aggiungi un suffisso, ad esempio ""Jr"" (che significa junior) dopo il cognome del passeggero più giovane, in modo che il sistema consenta di prenotare il volo. Esempio: 1. Rossi / Mario; 2. Rossi Jr / Mario."
Quali richieste sono soggette ai costi di servizio del Call center?,"I costi di servizio del Call center sono previsti per tutte le operazioni disponibili online ma richieste tramite Call center. I  costi di servizio del Call center non sono rimborsabili. Eccezioni: I costi di servizio del Call center non si applicano alle richieste seguenti: aggiunta di un bambino a una prenotazione esistente aggiunta di un neonato a una prenotazione esistente aggiunta di un posto separato per un neonato (con un seggiolino auto) a una prenotazione esistente aggiunta di uno strumento musicale a una prenotazione esistente cambio di data, orario, rotta del volo solo per una parte dei passeggeri aggiunta di un posto extra in caso di passeggero con gamba rotta (ingessata) che non può essere piegata richiesta del servizio ""Meet and Assist"" per una prenotazione esistente assegnazione dei posti per PRM (passeggeri con mobilità ridotta) aggiunta di un cane guida apparecchiature sanitarie correzione del volo correzione della fattura fattura cartacea"
"Io e la mia fidanzata abbiamo appena prenotato un volo, ma al momento del viaggio saremo sposati e l'itinerario contiene il suo nome da nubile. Cosa possiamo fare?","In tali casi occorre effettuare un cambio di nome. Questa operazione è gratuita se vengono forniti documenti di viaggio e certificato di matrimonio. Contattaci tramite il modulo di reclamo o il sito web appena possibile. Ti risponderemo con le istruzioni e l'indirizzo a cui spedire la documentazione. La ricezione di una risposta potrebbe richiedere fino a 30 giorni. Se la richiesta è urgente, si consiglia di contattare il Call center di Wizz Air per correggere gratuitamente il nome."
Come fare per viaggiare con bambini?,"I neonati fino all'età di 2 anni possono viaggiare pagando il supplemento neonati in braccio all'adulto accompagnatore. Ogni viaggiatore adulto può accompagnare un solo neonato. Ai bambini di età superiore a due anni non è consentito viaggiare in braccio all'adulto accompagnatore. Il supplemento neonati può essere pagato online durante la procedura di prenotazione o tramite il call center di Wizz Air. Per saperne di più, visita la pagina Bambini e neonati. Se il bambino compie 2 anni dopo la partenza e prima del ritorno, è necessario acquistare un posto effettuando una prenotazione separata per i voli. Le cinture di sicurezza per bambini AMSAFE CARES non sono accettate sui voli Wizz Air."
I neonati possono usufruire della franchigia bagaglio?,"L'adulto che viaggia con il neonato ha diritto di portare a bordo gli accessori per il neonato (ad eccezione di carrozzine, passeggini pieghevoli e culle). Carrozzine e passeggini devono essere imbarcati con gli altri bagagli e verranno trasportati gratuitamente solo se l'utente dell'attrezzatura è un passeggero del volo. Tuttavia, se la prenotazione non incluse un bambino o un neonato, tali articoli verranno trasportati come bagaglio da stiva previo pagamento del relativo supplemento."
I bambini di età inferiore a 14 anni possono viaggiare da soli?,"I bambini di età inferiore a 14 possono viaggiare solo accompagnati da un adulto di almeno 16 anni compiuti, che si assumerà la piena responsabilità del minore. Per i alcuni minori sono previsti requisiti speciali. Per maggiori informazioni, fai clic qui ."
Come si porta un seggiolino auto a bordo?,"È possibile portare a bordo un seggiolino auto per neonati (installabile in senso contrario a quello di marcia e dotato di cintura di sicurezza) a condizione che venga acquistato un posto a sedere. Il seggiolino auto deve essere dotato di un dispositivo che consenta di installarlo saldamente alla cintura di sicurezza del posto passeggero. Il posto aggiuntivo può essere acquistato alla normale tariffa  al momento della prenotazione online. Se la prenotazione è già stata  completata e confermata, occorre rivolgersi al Call center di Wizz Air . In tal caso, i costi di servizio del Call center non verranno applicati. Se si prenota il posto aggiuntivo online, occorre inserire il codice ""NEONATO"" nel nome del passeggero. Il cognome va inserito nel campo del cognome. Se hai prenotato online, chiama il call center di Wizz Air: indica il nome completo del neonato e conferma che viaggerà su un seggiolino auto Se è stato prenotato un posto aggiuntivo, non si applica la franchigia bagaglio per neonati né il supplemento neonati."
Quando viene confermata la prenotazione?,"Se paghi con carta di credito/debito, al termine della procedura online viene visualizzata la pagina di conferma. Riceverai inoltre la copia del tuo itinerario via email. Se non hai ricevuto l'email di conferma (con l'itinerario), controlla le impostazioni dei filtri della tua casella di posta elettronica ed eventuali caselle a cui vengono recapitati i messaggi filtrati. Il riepilogo del volo include il codice di codice di conferma, le date, la tariffa totale e tutti i dettagli necessari. Tali informazioni sono inoltre disponibili nel tuo profilo Wizz Air in ""Tutti i viaggi imminenti""."
Quali metodi di pagamento accetta Wizz Air?,"Accettiamo carte di credito e debito Visa, Visa Electron, MasterCard, Maestro, Bancontact e UATP. Le carte in co-branding WIZZ sono ugualmente accettate. Tieni presente che le carte Visa Electron e Maestro sono accettate solo se sono registrate al servizio 3D Secure per gli acquisti su Internet (rispettivamente Verified by Visa e MasterCard SecureCode). Se non disponi di una carta di credito o di debito oppure se la tua carta non è accettata, puoi pagare il volo tramite bonifico bancario o utilizzando il credito del tuo conto WIZZ. In alternativa, puoi utilizzare anche un voucher WIZZ. L'eventuale importo rimanente dovrà essere pagato con carta."
Quando occorre effettuare il pagamento tramite bonifico bancario?,Il pagamento deve essere effettuato entro 24 ore dalla prenotazione. La conferma della prenotazione potrebbe richiedere da 4 a 5 giorni lavorativi.
Come faccio a sapere se Wizz Air ha ricevuto il bonifico?,"Se non ricevi una conferma della prenotazione entro 5 giorni lavorativi dalla data del bonifico o se lo stato della prenotazione risulta ancora in sospeso nel tuo Profilo Wizz Air, contatta il call center di Wizz Air per verificare che il pagamento sia andato a buon fine. Non inviare conferme del pagamento se non richiesto."
Ho prenotato un volo ma l'importo addebitato sulla carta di credito è inesatto. Cosa fare?,"Contatta l'ente emittente della carta di credito per identificare il problema. Se la causa non è dovuta a un ulteriore addebito della banca o alla differenza dovuta ai tassi di cambio, chiama il call center di Wizz Air oppure invia un reclamo selezionando la categoria ""Errore di pagamento""."
Perché l'importo addebitato sulla mia carta di credito/debito è diverso da quello riportato nella conferma della prenotazione?,"I pagamenti effettuati con carta di credito o debito vengono elaborati attraverso un sistema di elaborazione internazionale. Se il prezzo finale proposto è riportato in una valuta diversa da EUR o GBP, è possibile che l'importo addebitato sulla carta di credito o di debito sia diverso (e possibilmente maggiore) rispetto al prezzo finale indicato nella conferma della prenotazione. Tale differenza è dovuta alla conversione di valuta risultante dal sistema di elaborazione internazionale dei pagamenti con carta di credito."
Ho effettuato una prenotazione ieri ma le tariffe oggi sono più vantaggiose. Come posso riscattare la differenza?,"Di norma, prima prenoti più basse sono le tariffe. Tuttavia, talvolta tra la data della prenotazione e quella del viaggio possono essere attivate delle promozioni. Purtroppo, tali promozioni non danno diritto al riscatto della differenza tra la tariffa pagata per la prenotazione e la tariffa scontata."
Cosa fare se la carta viene rifiutata?,"Verifica di disporre di fondi sufficienti per coprire l'intero importo. Se il problema persiste, contatta la banca e verifica se la tua carta supporta i servizi di pagamento online o se vige un limite di spesa."
"Ho prenotato un volo richiedendo il pagamento tramite bonifico bancario, ma vorrei cambiare metodo e pagare con carta di credito. È possibile?",Per cambiare metodo e pagare con carta di credito è necessario effettuare una nuova prenotazione alle tariffe correnti.
È necessario stampare l'email di conferma o l'itinerario di viaggio ed esibirli al check-in?,"No. È sufficiente stampare ed esibire la carta di imbarco se hai effettuato il check-in online. Se il check-in online non è disponibile nell'aeroporto di partenza, recati al banco del check-in nell'aeroporto ed esibisci esclusivamente il documento di viaggio (passaporto o documento di identità)."
Ho specificato il numero del documento di identità durante la procedura di check-in online e stampato la carta di imbarco. Posso viaggiare con il passaporto?,"Presso l'aeroporto è necessario esibire lo stesso documento di viaggio utilizzato per il check-in online. Se hai specificato il numero del documento di identità durante il check-in, non puoi viaggiare con il passaporto e vice versa."
Durante la procedura di check-in online non mi è stato richiesto un documento di viaggio. Come mai?,"Se viaggi nell'area di Schengen, non occorre compilare i dati del documento di viaggio. È sufficiente completare la procedura di check-in online. Per il viaggio occorre essere in possesso di un documento di identità o del passaporto, ma non è richiesto specificare i dati del documento di viaggio."
Ho provato a effettuare il check-in online ma non sono riuscito a completare la procedura. Cosa fare?,"Il check-in online è disponibile da 30 giorni fino a 3 ore prima dell'orario di partenza previsto per il volo se hai acquistato un posto durante la prenotazione. Se non hai acquistato un posto con la prenotazione, il check-in sarà disponibile solo 48 ore prima della partenza per ciascun volo. Puoi inoltre scaricare l'app mobile di Wizz Air e fare il check-in tramite l'app. Per alcune località, il check-in online non è disponibile. In tal caso, il check-in in aeroporto sarà disponibile gratuitamente. Se il problema con il check-in persiste, contatta il call center di Wizz Air ."
"Ho provato a effettuare il check-in tramite l'app mobile, ma un messaggio indica che l'aeroporto non accetta ancora carte di imbarco su dispositivo mobile. Cosa fare?","Visita il sito wizzair.com e stampa la carta di imbarco, quindi portala con te in aeroporto."
"Ho fatto il check-in per il volo di andata, ma non riesco a farlo per il volo di ritorno. Come mai?","Se non hai posti assegnati sul volo di ritorno, il check-in sarà disponibile a partire da 48 ore prima della partenza del volo."
Ho inserito dati errati per i documenti di viaggio durante il check-in online. Cosa fare?,"Quando effettui il check-in online, assicurati di inserire correttamente i tuoi documenti di viaggio. Se hai fatto qualche errore, per apportare le necessarie correzioni contatta il call center di Wizz Air."
Il check-in in aeroporto è sempre a pagamento?,"Il check-in in aeroporto può essere acquistato durante o dopo la prenotazione aggiungendo l'opzione alla prenotazione nella pagina di riepilogo del viaggio oppure chiamando il Call center di Wizz Air . Il check-in in aeroporto è soggetto a un supplemento, per passeggero e per volo. Il supplemento per il check-in in aeroporto è maggiore se acquistato presso l'aeroporto. Se il servizio di check-in online non è ancora disponibile per l'aeroporto di partenza, il check-in in aeroporto sarà gratuito."
Ho prenotato un posto in più per trasportare uno strumento musicale. Posso effettuare il check-in online?,Sì. Il check-in per lo strumento musicale deve avvenire contestualmente a quello del passeggero ed essere associato agli stessi documenti di viaggio.
È necessario effettuare il check-in per i bambini piccoli?,"Anche per i neonati occorre effettuare il check-in e stampare la carta di imbarco. Se la carta di imbarco del neonato non è disponibile, contatta il Call center di Wizz Air."
Qual è la procedura per imbarcare il bagaglio se ho già effettuato il check-in online?,"Procedi con il check-in online come di consueto. Se viaggi con bagaglio da imbarcare, recati al banco di consegna bagagli non oltre 40 minuti prima della partenza del volo. Accertati di avere con te la carta di imbarco stampata, in caso contrario ti verrà richiesto di pagare il supplemento per il check-in in aeroporto. Presso l'aeroporto, il banco del check-in funge anche da banco per la consegna del bagaglio da stiva."
È possibile cambiare la prenotazione o acquistare servizi dopo aver effettuato il check-in online?,"È possibile aggiungere servizi aggiuntivi alla prenotazione anche dopo il check-in. Se hai aggiunto l'imbarco prioritario o la scelta del posto alla prenotazione, occorre - stampare nuovamente la carta di imbarco oppure - procedere con il check-in in aeroporto per ricevere un adesivo che rifletta le modifiche alla carta di imbarco esistente. In alternativa, puoi cambiare volo e nome del passeggero fino a 4 ore prima della partenza sul sito web o tramite il Call center di Wizz Air La procedura richiede il pagamento delle spese per cambio di nome. Se richiedi una modifica al Call center di Wizz Air ti verranno addebitati anche i costi di servizio. Le spese del call center non sono rimborsabili. Se desideri cambiare la data, l'orario o la rotta del volo solo per alcuni passeggeri inclusi nella prenotazione, dovrai contattare il Call center per ricevere assistenza. In tal caso, i costi di servizio del Call center non verranno applicati. Nota: se hai cambiato il volo o il nome del passeggero, sarà necessario effettuare nuovamente il check-in e stampare la nuova carta di imbarco."
Quando occorre specificare i nomi dei passeggeri?,"I nomi dei passeggeri devono essere specificati online non oltre 72 ore prima della partenza e dopo aver effettuato il pagamento completo. Accertati di aver ricevuto l'email di conferma finale della prenotazione (con i nomi dei passeggeri) prima della partenza, in caso contrario potrebbe essere richiesto il pagamento delle spese per cambio di nome per ciascun passeggero. Se non ricevi l'email entro 2 giorni prima della partenza, contatta il call center di Wizz Air ."
"Posso ancora portare un cappotto, un asciugamano o una coperta in cabina?","Sì, è possibile potare i seguenti articoli personali a bordo gratuitamente: Cappotto o coperta, telefono cellulare, materiale da leggere durante il volo, prodotti acquistati presso i negozi duty free, articoli per bambini di età inferiore ai due anni: Cibo per la durata del volo; un paio di stampelle per passeggeri con disabilità."
Cosa succede se il mio trolley deve essere posizionato nella stiva a causa di restrizioni operative?,Il trolley verrà posizionato nella stiva gratuitamente e potrà essere ritirato presso il ritiro bagagli dell'aeroporto di arrivo.
Se ho solo un articolo piccolo che rientra nelle dimensioni di 40x30x20 cm posso portarlo a bordo senza acquistare il servizio WIZZ Priority? È previsto un limite di peso per l'articolo aggiuntivo?,"Sì, se hai un bagaglio a mano di dimensioni non superiori a 40x30x20 cm e peso massimo di 10 kg puoi portarlo in cabina senza acquistare WIZZ Priority. Il bagaglio a mano deve rientrare sotto al sedile davanti a te."
Cosa succede se il mio bagaglio a mano (40x30x20 cm) non rientra nel misuratore?,"I passeggeri che non hanno acquistato WIZZ Priority che portano un bagaglio a mano di dimensioni superiori a 40x30x20 cm, dovranno pagare un supplemento di 25 EURO presso il gate. Se tale bagaglio non supera le dimensioni di 55x40x23 cm, potrà essere portato a bordo, a condizione che vi sia spazio disponibile nella cappelliera della cabina. In caso contrario, il bagaglio verrà posizionato nella stiva. I passeggeri possono rimuovere eventuali effetti personali dai bagagli che verranno posizionati nella stiva."
"Cosa succede se il mio trolley (max 55x40x23 cm), pagato con l'acquisto del servizio WIZZ Priority, non rientra nel misuratore?",I passeggeri con un trolley che supera le dimensioni di 55x40x23 cm o 10 kg dovranno pagare un supplemento di 60 EURO presso il gate. Il bagaglio verrà posizionato nella stiva.
È consentito portare una borsa da donna invece di uno zaino?,"Sì, ogni passeggero ha diritto di portare un bagaglio a mano gratuito di dimensioni massime di 40x30x20 cm a bordo (ad esempio: custodia per laptop, borsa da donna e zaino piccolo) da posizionare sotto al sedile"
Come si acquista il bagaglio online?,"Se ti occorre più spazio, puoi aggiungere un bagaglio da stiva alla prenotazione pagando il supplemento. Puoi aggiungere fino a 3 bagagli da stiva online e altri 3 in aeroporto. Un passeggero può avere un solo tipo di bagaglio per ciascun volo (ad esempio: 1 bagaglio x 10 kg, 2 bagagli x 20 kg/ciascuno, 3 bagagli x 32 kg/ciascuno)"
Posso portare un bagaglio aggiuntivo se viaggio con un neonato?,"Sì, l'adulto che viaggia con un neonato ha diritto di portare un bagaglio a mano aggiuntivo gratuitamente (40x30x20 cm)."
"Se aggiungo il servizio WIZZ Priority, il bagaglio a mano e il trolley sono entrambi garantiti in cabina? Come posso essere sicuro che i bagagli viaggeranno con me a bordo?","Sì, se un passeggero ha acquistato WIZZ Priority (o ha diritto a WIZZ Priority tramite i pacchetti WIZZ GO o WIZZ Plus), sia il bagaglio a mano gratuito (max 40x30x20 cm) sia il trolley (max 55x40x23 cm, anche senza ruote, tuttavia in caso di ruote le dimensioni e il peso complessivi devono rientrare nei limiti) possono essere portati in cabina. Questo è consentito in tutti i casi, salvo circostanze operative eccezionali."
"Se non aggiungo WIZZ Priority alla prenotazione, come posso portare con me farmaci, documenti e denaro in cabina? Posso portare un altro bagaglio, ad esempio una borsetta da donna?","Tutti i passeggeri hanno diritto di portare a bordo un bagaglio a mano gratuito delle dimensioni massime di 40x30x20 cm, in cui posizionare tutti gli effetti personali. Si consiglia a tutti i passeggeri di estrarre tutti gli effetti essenziali dal bagaglio da stiva e di portarli con sé in cabina."
Cosa fare se il servizio WIZZ Priority è esaurito?,"Se il servizio WIZZ Priority è esaurito si consiglia ai passeggeri di acquistare uno dei nostri ""pacchetti"" durante la prenotazione, di aggiungere un bagaglio da stiva o di fare le valige in modo intelligente e portare solo un bagaglio a mano piccolo (max 40x30x20 cm). Tutti i passeggeri senza WIZZ Priority possono comunque portare a bordo un bagaglio a mano gratuito non più grande di 40x30x20 cm."
Dove viene posizionato il bagaglio a mano (max 40x30x20 cm) a bordo?,"Il bagaglio a mano deve essere posizionato sotto al sedile davanti al passeggero, a meno che non vi sia spazio nella cappelliera al termine dell'imbarco."
Quanti bagagli posso imbarcare?,"Puoi imbarcare fino a sei bagagli. Ogni bagaglio è soggetto a un supplemento. Puoi pagare fino a 3 bagagli online e i rimanenti 3 in aeroporto, ma con tariffa maggiorata. Se hai prenotato un numero inferiore di bagagli durante la prenotazione iniziale, puoi aggiungerne altri online o tramite il call center di Wizz Air. Un passeggero può avere un solo tipo di bagaglio per ciascun volo (ad esempio: 1 bagaglio x 10 kg, 2 bagagli x 20 kg/ciascuno, 3 bagagli x 32 kg/ciascuno)"
Posso ottenere un rimborso per il supplemento di un bagaglio da stiva inutilizzato?,"No. Se i bagagli imbarcati sono inferiori ai supplementi acquistati, gli importi pagati non sono rimborsabili."
Ho già una prenotazione. Come acquistare supplementi per bagagli aggiuntivi?,"Puoi aggiungere bagagli alla tua prenotazione tramite il nostro sito Web e tramite il Call center di Wizz Air . Ricorda che se acquisti il supplemento bagagli in aeroporto, potresti dover pagare una tariffa maggiorata. Informazioni precise sulle tariffe maggiorate addebitate dall'agente di gestione possono essere chieste in aeroporto."
Il bagaglio da stiva è incluso nel prezzo del volo?,"La tariffa Basic esclude qualsiasi bagaglio da stiva, ma le tariffe WIZZ GO e WIZZ Plus includono il bagaglio da stiva nel prezzo del volo."
Ho prenotato un bagaglio da stiva pesante (32 kg) e vorrei aggiungere un altro bagaglio da stiva leggero (20 kg) per lo stesso volo. Posso farlo?,Non è possibile imbarcare in stiva due diversi tipi di bagaglio. Aggiungi un altro bagaglio pesante.
Posso portare un altro bagaglio piccolo o la custodia del computer oltre al bagaglio a mano?,"No, ogni passeggero ha diritto di portare a bordo un solo bagaglio a mano gratuito di dimensioni massime di 40x30x20 cm. Se acquisti il servizio WIZZ Priority (o ne hai diritto con i pacchetti WIZZ Privilege Pass, WIZZ GO o WIZZ Plus) potrai portare un bagaglio a mano gratuito (40x30x20 cm) e un trolley (55x40x23 cm, anche senza ruote, tuttavia in caso di ruote le dimensioni e il peso complessivi devono rientrare nei limiti). Entrambi i bagagli sono garantiti in cabina, fatte salve eventuali restrizioni operative. Consigliamo a tutti i passeggeri di portare in cabina gli effetti personali essenziali (ad esempio articoli per l'igiene personale, passaporto e altri documenti), eventuali oggetti di valore, come gioielli, telefonini, videocamere. I computer portatili e i dispositivi elettronici devono essere portati in cabina."
Come posso essere sicuro che il mio bagaglio a mano verrà trasportato in cabina?,"I passeggeri possono viaggiare con un bagaglio a mano gratuito (dimensioni massime di 40x30x20 cm) da posizionare in cabina sotto al sedile davanti. Se acquisti il servizio WIZZ Priority (o ne hai diritto con i pacchetti WIZZ Privilege Pass, WIZZ GO o WIZZ Plus) potrai portare un bagaglio a mano gratuito (40x30x20 cm) e un trolley (55x40x23 cm, anche senza ruote, tuttavia in caso di ruote le dimensioni e il peso complessivi devono rientrare nei limiti). Entrambi i bagagli sono garantiti in cabina, fatte salve eventuali restrizioni operative. Consigliamo a tutti i passeggeri di portare in cabina gli effetti personali essenziali (ad esempio articoli per l'igiene personale, passaporto e altri documenti), eventuali oggetti di valore, come gioielli, telefonini, videocamere."
Il mio bagaglio a mano è stato caricato nella stiva e il mio computer portatile/gioielli/farmaci è stato smarrito o danneggiato. Ho diritto a un rimborso? Le esclusioni per i bagagli da stiva si applicano al mio caso?,"Se il bagaglio a mano è stato caricato nella stiva e viene smarrito o danneggiato, puoi segnalare gli articoli danneggiati o smarriti quando arrivi al banco Bagagli smarriti o Ritiro bagaglio. Non possiamo compensare la perdita di oggetti preziosi (articoli esclusi dalla stiva) come gioielli e computer portatili. Consigliamo di rimuovere questi articoli dal tuo bagaglio prima di essere caricato nella stiva."
Cosa devo fare se ho del cibo nel mio bagaglio e lo caricano nella stiva?,"A bordo si vendono snack e bevande, tuttavia, se desideri portare qualcosa da mangiare, ti consigliamo di rimuoverlo dal bagaglio prima che venga caricato nella stiva."
Posso portare liquidi nel bagaglio a mano?,"I liquidi trasportati nel bagaglio a mano sono soggetti alle seguenti restrizioni imposte dalle autorità: il contenitore del liquido non deve avere un volume maggiore di 100 ml tutti i contenitori di liquidi devono essere sistemati in una busta di plastica trasparente, richiudibile, del volume di 1 litro e di dimensioni pari a 20x20 cm. Le buste di plastica vanno esibite separatamente al controllo di sicurezza. Dovrai consegnare i liquidi che non soddisfano le restrizioni sopra indicate alla stazione di sicurezza dell'aeroporto."
Posso portare farmaci?,"Consigliamo a tutti i passeggeri di portare in cabina gli effetti personali essenziali (ad esempio articoli per l'igiene personale e farmaci), eventuali oggetti di valore, come gioielli, telefonini, videocamere. Se non hai acquistato WIZZ Priority e hai imbarcato il bagaglio a mano, prendi i tuoi effetti personali e portali con te in cabina. In caso di farmaci liquidi, controlla i regolamenti di sicurezza per il trasporto di liquidi a bordo. Se devi trasportare farmaci indispensabili, ad es. insulina, dovrai procurarti un certificato medico che attesti che hai bisogno di tale farmaco e presentare il documento ai controlli di sicurezza dell'aeroporto, se richiesto. Ricorda che l'equipaggio non può aiutarti a conservare farmaci che devono essere refrigerati."
Si possono portare animali sui voli Wizz Air?,"Gli animali non possono o viaggiare su voli Wizz Air, ad eccezione dei cani guida che viaggiano con i loro proprietari, che devono essere in possesso dei documenti indicati dai regolamenti dei paesi interessati al trasporto, nel rispetto delle condizioni imposte. Gli animali domestici non sono ammessi sui voli Wizz Air. Devi informarci della tua intenzione di viaggiare con un cane guida, chiamando il call center di Wizz Air."
Come posso trasportare oggetti fragili come articoli da cucina o oggetti di dimensioni e forme insolite?,"Devi informarci della tua intenzione di trasportare articoli speciali al momento della prenotazione, tramite il Call center di Wizz Air . Questi articoli devono essere trasportati con il nostro consenso. Se non segnali il trasporto di oggetti speciali, possiamo rifiutare il trasporto e non saremo responsabili dell'eventuale perdita, rottura, danneggiamento o arrivo ritardato di tali oggetti. Consulta l'elenco di articoli esclusi dal trasporto nelle Condizioni generali di trasporto (articolo 14.3)"
Cosa devo fare se il mio bagaglio subisce danni durante il viaggio?,"Presenta una denuncia di danni al tuo arrivo, prima di lasciare l'area di transito. Fai riparare il bagaglio e chiedi una ricevuta. Copriremo i costi della riparazione indicati sulla ricevuta. Se il bagaglio non può essere riparato, chiedi una dichiarazione scritta del negozio in cui si attesta il tipo e il valore del bagaglio. Quando segnali io problema all'aeroporto, ti viene fornita una lettera di istruzioni che dovrai seguire attentamente."
Cosa devo fare se il mio bagaglio viene smarrito?,"Vai al banco Bagagli smarriti o Ritiro bagaglio mentre sei ancora nell'area di transito e chiedi assistenza. Un nostro addetto ti fornirà un rapporto relativo al ritardo del bagaglio. Se necessario potrai presentare questo documento alla tua compagnia di assicurazione. Accertati che sul rapporto sia indicato il valore del bagaglio. Ti sarà fornito un numero di riferimento, che dovrai indicare in tutta la tua corrispondenza con Wizz Air. Alla segnalazione del problema in aeroporto, ti sarà fornita una lettera di istruzioni. Procedi seguendo le istruzioni."
Ho lasciato i miei effetti personali a bordo. Chi devo contattare?,Contattare l'ufficio oggetti smarriti all'aeroporto di partenza e di arrivo.
Posso portare oggetti di valore a bordo?,"Sì, puoi portarli. Se non hai acquistato WIZZ Priority e imbarcato il bagaglio, consigliamo a tutti i passeggeri di portare in cabina gli effetti personali essenziali presenti nel bagaglio a mano (ad esempio articoli per l'igiene personale, passaporto e altri documenti) ed eventuali oggetti di valore, come gioielli, telefonini, videocamere. Le dimensioni massime di tutti gli effetti personali insieme non possono superare 40x30x20 cm."
E se ho una borsa più piccola? Posso portare il mio zainetto a bordo?,"I passeggeri possono viaggiare con un bagaglio a mano gratuito. Se il bagaglio a mano è più piccolo di 40x30x20 cm, potrai portarlo a bordo ma dovrà essere posizionato sotto al sedile davanti a te."
Posso portare un bagaglio piccola in cabina se imbarco il bagaglio a mano?,"Se non hai acquistato WIZZ Priority e hai imbarcato il bagaglio a mano, non puoi portare un altro bagaglio piccolo in cabina. Consigliamo a tutti i passeggeri di portare in cabina gli effetti personali essenziali presenti nel bagaglio a mano (ad esempio articoli per l'igiene personale, passaporto e altri documenti) ed eventuali oggetti di valore, come gioielli, telefonini, videocamere. Le dimensioni massime di tutti gli effetti personali insieme non possono superare 40x30x20 cm."
"Se ho solo un bagaglio a mano e ho fatto il check-in online per il bagaglio da stiva, devo comunque andare al banco del check-in?","Sì, ma solo se non hai acquistato WIZZ Priority e il tuo bagaglio a mano supera le dimensioni di 40x30x20 cm, dovrai imbarcarlo presso il banco del check-in pagando il supplemento e potrai ritirarlo all'aeroporto di arrivo. Se il bagaglio a mano è più piccolo di 40x30x20 cm, potrai portarlo a bordo ma dovrà essere posizionato sotto al sedile."
Posso portare l'attrezzatura da sci/snowboard con me?,"Sì, puoi portare la tua attrezzatura da sci/snowboard come bagaglio da stiva. Un supplemento aggiuntivo di 30 EURO per passeggero per volo e per bagaglio."
Posso portare sia l'attrezzatura da sci sia quella per snowboard con me?,"No, è possibile portare solo un set di attrezzatura sportiva per passeggero per volo."
Posso portare l'attrezzatura da sci/snowboard senza imballaggio?,"No, è possibile portare l'attrezzatura da sci/snowboard solo imballata in apposita borsa. Wizz Air non offre materiale di imballaggio."
"Viene garantito che l'attrezzatura sportiva viaggerà con me?""","No, purtroppo è previsto un limite per le attrezzature sportive per ciascun volo. Pertanto si consiglia di aggiungere questo tipo di bagaglio nel momento in cui si prenota."
Cosa succede se l'attrezzatura da sci/snowboard risulta danneggiata dopo il volo?,Wizz Air declina ogni responsabilità per danni arrecati a oggetti fragili durante il trasporto. I bagagli che contengono tali oggetti possono essere trasportati come Bagaglio da stiva solo se muniti della Targhetta responsabilità limitata.
Posso aggiungere l'attrezzatura da sci/snowboard dopo la prenotazione?,"Sì, puoi aggiungere l'attrezzatura fino a 3 ore prima della partenza sul sito online o tramite il call center di Wizz Air. Se richiedi di aggiungere l'attrezzatura tramite il call center di Wizz Air verrà applicato un supplemento a copertura delle spese del call center. Le spese del call center non sono rimborsabili."
Che tipo di attrezzatura sportiva posso portare con me?,"Puoi portare un set di attrezzature sportive come indicato di seguito: Attrezzature da sci e snowboard; Bicicletta in apposito imballaggio da viaggio con ruote e pedali rimossi e manubrio posizionato in parallelo al telaio o imballato in scatola a parte, a condizione che le ruote siano sgonfie; Attrezzatura da golf; Attrezzatura da sub soggetta ai requisiti seguenti: o La bombola deve essere vuota; o La pressione nella bombola deve essere pari a quella ambientale; o La fonte di alimentazione o l'ampolla devono essere rimosse dalla lampadina; o L'interruttore della lampadina deve essere spento; Aste per salti: non possono superare le dimensioni indicate di seguito e devono essere imballate in sacchi di tessuto: o Larghezza: 0,25 metri; o Altezza: 0,25 metri; o Lunghezza: 5,309 metri; Attrezzatura da surf e windsurf; ALTRE attrezzature sportive non indicate sopra possono essere trasportate previa approvazione di Wizz Air. Chiama il call center almeno 72 ore prima della partenza. Se non diversamente specificato, l'attrezzatura sportiva non può superare le dimensioni massime di: Larghezza: 1,499 metri; Altezza: 1,194 metri; Lunghezza: 1,715 metri; L'attrezzatura sportiva non può pesare più di 32 kg."
"Posso portare non solo gli sci ma anche il casco, gli scarponi ecc.?","Sì, puoi portare l'intero set di attrezzature, ma devi posizionare tutto in un'apposita borsa. Il peso massimo è 32 kg e non sono previste restrizioni per le dimensioni. Se le attrezzature non sono adeguatamente imballate, non sarà possibile trasportarle."
Posso portare lo zaino antivalanga con me?,"Sì, puoi portare uno zaino antivalanga con te come bagaglio a mano o da stiva, ma non può essere considerato come attrezzatura sportiva. Fai attenzione alle dimensioni dei bagagli, ulteriori informazioni qui: https://wizzair.com/en-gb/information-and-services/travel-information/baggage#/ . Sono previsti i limiti seguenti per gli zaini antivalanga: Cartuccia d'aria compressa: consentita solo se viene impiegato gas non infiammabile Biossido di carbonio ed elio: consentiti Ventola elettrica: a seconda del tipo e della capacità della batteria, sono previsti limiti per le batterie agli ioni di litio come indicato qui: https://wizzair.com/en-gb/information-and-services/travel-information/baggage#/"
Quali sono le dimensioni massime dell'oggetto che posso portare a bordo acquistando un posto extra?,"Come compagnia aerea accettiamo le seguenti dimensioni massime per l'oggetto portato a bordo acquistando un posto extra: 66x44x75 o 18x48x117 cm. Le dimensioni esatte dipendono dalla forma (prisma, conico, cilindrico, ellittico). Puoi sempre verificare le dimensioni accettate contattando gli operatori del call center. Per la conferma finale prima del viaggio, contatta l'aeroporto di partenza e verifica che l'oggetto sia accettato ai controlli di sicurezza. Le autorità locali dell'aeroporto potrebbero imporre limitazioni specifiche (per l'aspetto, la confezione o le dimensioni dell'oggetto) che richiedono ulteriori disposizioni per il controllo."
POSSO PORTARE SIGARETTE ELETTRONICHE A BORDO?,"Sì, puoi portare sigarette elettroniche, sigari elettronici o alti vaporizzatori personali alimentati a batteria, per uso personale solo nel bagaglio a mano. È vietato inserire sigarette elettroniche nel bagaglio da stiva. Ricaricare tali dispositivi e/o le batterie a bordo del velivolo non è consentito e occorre adottare le misure necessarie per prevenirne l'attivazione accidentale. L'uso di sigarette elettroniche a bordo è vietato."
POSSO PORTARE IL MIO DRONE/HOVERBOARD CON ME?,"No, purtroppo per motivi di sicurezza non è consentito portare tali dispositivi né a bordo né nel bagaglio da stiva."
Come posso scegliere il posto?,"Durante la prenotazione puoi scegliere un posto pagando un supplemento. Se decidi di non scegliere un posto, ti verrà assegnato un posto automaticamente e in modo casuale durante il check-in. Il numero di posto selezionato e il relativo costo sono sempre visualizzati nella casella di riepilogo del pagamento. Puoi anche selezionare un posto online dopo la prenotazione e il check-in, fino a 3 ore prima della partenza."
Quali posti posso scegliere?,"Potrai scegliere qualsiasi posto disponibile sul velivolo, a seconda della disponibilità e delle limitazioni di sicurezza. I posti davanti e in prima fila si trovano nella parte anteriore del velivolo e permettono di essere tra i primi a uscire all'arrivo. I posti più spaziosi hanno più spazio per le gambe e consentono un viaggio più confortevole. Per motivi di sicurezza, i passeggeri di età inferiore a 16 anni, in sovrappeso, che necessitano di assistenza speciale, in stato di gravidanza e che viaggiano con neonati non possono sedersi in una fila vicina all'uscita di sicurezza o nella prima fila."
Wizz Air ha cambiato il mio volo. Che succede al posto che ho selezionato?,"1. Se il volo è nella stessa data ed è stato cambiato solo l'orario di partenza, la prenotazione del posto resta la stessa. 2. Se il volo è stato spostato a un giorno diverso ed hai già pagato per il tuo posto, seleziona un nuovo posto online per lo stesso prezzo. Se scegli un posto più costoso, dovrai pagare solo la differenza. Se scegli un posto più economico, contatta il Call center di Wizz Air per chiedere in rimborso."
Ho cambiato volo. Che succede al posto che ho selezionato?,"Il supplemento pagato per la scelta del posto non è rimborsabile. Puoi accettare il posto assegnato automaticamente per il nuovo volo oppure scegliere un altro posto pagando il supplemento previsto. In questo caso dovrai pagare solo la differenza tra i due posti. Se accetti i posti assegnati o se scegli posti di valore inferiore al tuo saldo, puoi utilizzare il resto del saldo per acquistare altri servizi."
Come trovo il mio posto sull'aereo?,Puoi controllare la posizione del tuo posto sulla Mappa dei posti. Utilizza la porta anteriore se siedi nelle file da 1 a 15 e la porta posteriore se siedi nelle file da 16 a 30.
Posso posizionare lo strumento musicale su qualsiasi posto?,"No, per motivi di sicurezza gli strumenti che viaggiano posizionati sul posto extra in cabina non possono essere posizionati sui posti in prima fila o nelle file accanto alle uscite di emergenza, ma devono essere posizionati su un posto finestrino."
Come posso ricevere assistenza speciale?,"Per consentirci di rendere il tuo viaggio comodo e sicuro, informa Wizz Air almeno 48 ore prima della partenza programmata della tua disabilità fisica, dei tuoi problemi di mobilità o di qualsiasi altra condizione che potrebbe richiedere assistenza medica. Puoi effettuare la richiesta online durante la procedura di prenotazione oppure contattando il Call center per l'assistenza speciale. Ti consigliamo di chiamare il giorno della prenotazione."
Posso usare la mia sedia a rotelle per arrivare al velivolo?,"No, non puoi portare la tua sedia a rotelle fino al velivolo. Te ne forniremo una da utilizzare per raggiungere l'aereo, durante il volo e per lo sbarco all'arrivo. La tua sedia a rotelle verrà trasportata gratuitamente nella stiva."
Posso usare il mio dispositivo per l'ossigeno durante il volo?,"No, il contenitore per l'ossigeno non può essere portato a bordo. Possiamo fornire ossigeno supplementare ai passeggeri che ne hanno bisogno per ragioni mediche. È necessario esibire un certificato di idoneità a viaggiare in aereo, che confermi quanto segue: l'utilizzo del dispositivo medicale è necessario ma il paziente è idoneo a viaggiare in aereo; il passeggero non necessita di ossigeno continuo per più di 250 minuti a un flusso di 2 L/min; per motivi di sicurezza l'ossigeno non può essere erogato durante il decollo e l'atterraggio e il passeggero lo accetta; l'ossigeno fornito da Wizz Air è idoneo per il passeggero."
Sono asmatico. Posso portare l'inalatore con me?,"Sì, puoi portare e utilizzare il tuo inalatore a bordo."
Le mie condizioni cardiologiche mi impediscono di volare?,"Se sei affetto da una patologia coronarica, cardiaca, polmonare o celebrale o sei stato sottoposto a un intervento chirurgico correlato a tali patologie, devi fornire un certificato di idoneità a volare che attesti che non vi sono motivi particolari che ti impediscono di viaggiare. Ricorda che il certificato deve essere rilasciato entro sei giorni dalla data del volo."
La mia patologia mi impedisce di volare?,"Se temi che la tua patologia possa impedirti di volare, ti consigliamo di rivolgerti al tuo medico prima di partire. Se hai bisogno di assistenza speciale a bordo a causa della patologia di cui soffri, informaci prima della partenza fornendo un certificato di idoneità a viaggiare in aereo in cui sia indicato che la tua patologia non ti impedisce di viaggiare. Tieni presente che deve essere emesso entro 6 giorni dalla data del volo. Ti informiamo che se soffri di malattie contagiose non è consentito viaggiare in aereo."
Sono diabetico. Posso assumere insulina a bordo?,"Sì, puoi assumere insulina a bordo. Ti informiamo che però non possiamo fornirti una borsa frigorifero. Puoi portarne una tua gratuitamente. Dovrai portare con te un certificato medico che conferma che necessiti del medicinale durante il viaggio. Presenta il documento ai controlli di sicurezza dell'aeroporto, se richiesto."
Sono cieco. Posso portare il mio cane con me?,"Sì, puoi portare gratuitamente il tuo cane guida. Indica che viaggerai con un cane guida durante la prenotazione e informa il Call Center per l'assistenza speciale oppure invia un'email all'indirizzo dell'assistenza speciale. Inviaci i seguenti documenti non più tardi di 48 ore prima dell'ora di partenza prevista: Certificato attestante che il tuo cane è un cane guida Tutta la documentazione indicata nelle normative dei paesi di partenza e arrivo"
"Sono ipovedente, posso inoltrare un reclamo?","Se non riesci a inviare il reclamo attraverso il modulo disponibile sul sito, puoi inviare il testo del reclamo alla casella di posta specialassistance@wizzair.com tramite messaggio vocale. Se non hai un dispositivo che consenta di inviare un messaggio vocale alla casella, puoi chiedere aiuto al call center e specificare come vorresti ricevere la risposta."
Ho la gamba rotta. Posso volare comunque?,"Se puoi sederti, puoi volare. Se la gamba rotta e ingessata non può piegarsi all'altezza del ginocchio, dovrai acquistare un posto extra."
Quali documenti servono?,"Devi esibire tutti i documenti di viaggio validi e necessari al check-in o al gate di imbarco. Inoltre, dovrai rispettare tutti i requisiti di ingresso e migrazione del paese da cui voli, in cui fai scalo o a cui sei diretto. Se non disponi di un passaporto o visto idonei o dei documenti di viaggio necessari e ti viene negato l'ingresso in un paese, dovrai farti carico delle conseguenti spese di trasporto e di eventuali costi di vitto e alloggio. Per informazioni dettagliate relative ai requisiti per il visto, contatta il ministero degli esteri, l'ambasciata o il consolato del paese che intendi visitare. Dovrai presentare lo stesso documento fornito durante il check-in online."
Il mio passaporto scade prima del volo di ritorno. Cosa fare?,"Se non hai ancora una prenotazione confermata, ti consigliamo di prenotare i voli di andata e ritorno con due prenotazioni separate. In questo caso potrai utilizzare documenti di viaggio diversi al momento del check-in. Se hai già una prenotazione confermata, contatta il call center di Wizz Air"
Dispongo di tutti i documenti di viaggio necessari ma mi è stato negato l'ingresso nel paese. Ho diritto a un rimborso?,"Le autorità di frontiera possono decidere di impedire l'ingresso nel loro paese sulla base di informazioni a cui non abbiamo accesso. Non è previsto alcun rimborso per i voli o servizi di cui i viaggiatori non possono usufruire a causa di tale impedimento e gli stessi viaggiatori saranno responsabili e dovranno farsi carico di eventuali spese di trasporto, vitto e alloggio."
A bordo è riservato un posto speciale per i seggiolini auto dei neonati?,I seggiolini auto per neonati possono essere montati nei posti finestrino. Il posto a sedere accanto a quello per il seggiolino auto deve essere occupato da un adulto in normali condizioni fisiche di almeno 16 anni che sarà responsabile del neonato posto nel seggiolino. Il seggiolino auto per neonati non può essere posizionato nelle file con le uscite di emergenza e nelle file immediatamente anteriori o posteriori alle uscite di emergenza. Seguire sempre le  istruzioni del personale di volo.
Il personale di bordo mi aiuterà a installare il seggiolino?,I viaggiatori sono gli unici responsabili dell'installazione del seggiolino auto del proprio bambino. L'equipaggio WIZZ mostrerà ai viaggiatori i posti a sedere idonei per il montaggio dei seggiolini e si accerterà che visivamente il seggiolino sia opportunamente installato per l'uso a bordo.
*Quanti adulti/bambini possono viaggiare con un neonato usufruendo dell'imbarco prioritario gratuito?,"Imbarco prioritario con un neonato: 2 adulti, numero illimitato di bambini per 1 bimbo piccolo Chi viaggia con un neonato (meno di 2 anni) usufruisce dell'imbarco prioritario gratuito: 2 adulti per ogni neonato. Tutti i bambini (numero illimitato) inclusi nella stessa prenotazione accedono  all'imbarco prioritario. Poiché i bambini piccoli devono sedere in braccio a un adulto, ogni neonato deve essere accompagnato da un adulto. Inoltre,  per ogni gruppo che viaggia con un neonato è incluso l'imbarco prioritario per 2 adulti del gruppo. Ad esempio, per una famiglia con 2 neonati è consentito l'imbarco prioritario per 4 adulti inclusi nella stessa prenotazione. Il rapporto di 1 bambino piccolo/2 adulti nella stessa prenotazione è limitato esclusivamente al numero di bambini di età inferiore ai due anni."
Come si invia un reclamo?,Occore compilare il modulo di reclamo prestando particolare attenzione alla selezione della categoria giusta. Si riceverà un ID univoco al quale bisognerà fare sempre riferimento. Faremo del nostro meglio per elaborare la richiesta il più presto possibile. Sarà certamente fornita una risposta entro 30 giorni.
"Il mio volo è stato cancellato da Wizz Air, cosa devo fare?","In caso di variazione della programmazione o di cancellazione del volo da parte di Wizz Air prima della partenza programmata, i passeggeri verranno informati e riceveranno le opzioni disponibili via email all'indirizzo specificato durante la prenotazione. Le notifiche vengono indirizzate direttamente ai recapiti del titolare della prenotazione e si riferiscono a tutti i passeggeri inclusi nella prenotazione. È responsabilità del titolare della prenotazione/dell'agenzia informare tutti gli altri passeggeri inclusi nella prenotazione di eventuali modifiche dei voli. In tali casi è possibile scegliere tra le opzioni seguenti, che possono variare caso per caso: Accedere al profilo WIZZ (titolare della prenotazione) e riprenotare il viaggio gratuitamente su un altro volo operato da Wizz Air sulla stessa rotta o, se necessario, su una rotta simile, secondo la disponibilità dei posti. Se i voli disponibili non soddisfano le esigenze del viaggiatore, gli verranno offerte le opzioni di rimborso nel corso della procedura di prenotazione del nuovo volo online. Accedere al profilo WIZZ (titolare della prenotazione) e richiedere crediti WIZZ per l'intero valore de pagamento in riferimento al volo cancellato o modificato , più il 20% della tariffa pagata per il volo cancellato o modificato sul conto WIZZ. I crediti di viaggio possono essere utilizzati per l'acquisto di qualsiasi volo e/o servizio WIZZ in futuro. Successivamente, se desiderato, è possibile richiedere un rimborso del 100% sul metodo di pagamento originale in luogo dei crediti WIZZ (opzione soggetta alle limitazioni del metodo di pagamento). In tal caso il 20% extra non viene riconosciuto. Wizz Air non offre ai passeggeri alcun rimborso o possibilità di effettuare una nuova prenotazione nei casi in cui la variazione sia stata effettuata nei 14 giorni che precedono la partenza del volo e la modifica risulti in una differenza di tempo inferiore a cinque ore. In caso di difficoltà con le suddette istruzioni, contatta il call center Wizz Air."
Riceverò una fattura?,"Riceverai una fattura elettronica all'indirizzo email fornito in fase di prenotazione Le fatture elettroniche vengono emesse in conformità alle normative ungheresi rilevanti. Inoltre, è possibile richiedere una copia cartacea della fattura elettronica pagando un supplemento tramite il Call Center di Wizz Air . Le copie cartacee saranno inviate tramite posta all'indirizzo fornito in fase di prenotazione. Puoi richiedere una fattura modificata contenente dati diversi pagando un supplemento . Per ulteriori informazioni, consulta la Guida alla fatturazione."
Dove si acquista l'abbonamento Privilege Pass?,Puoi aggiungere l'abbonamento al Privilege Pass durante la prenotazione o puoi acquistarlo singolarmente.
Posso usare i vantaggi dell'abbonamento per tutta la famiglia?,"No, il servizio Privilege Pass è valido solo per il passeggero che si registra e acquista l'abbonamento e non è possibile estenderne i vantaggi ad altri compagni di viaggio."
Posso cambiare il nome del titolare dell'abbonamento?,"No, il nome dell'abbonato al Privilege Pass non può essere cambiato. Il servizio non è trasferibile a terzi."
Come si blocca una tariffa?,Il servizio Blocco tariffa è disponibile online su wizzair.com e sull'app mobile durante la prenotazione e permette di bloccare la tariffa scelta per un periodo di 48 ore pagando un supplemento .
Come si finalizza la prenotazione?,"Puoi finalizzare la tua prenotazione online su wizzair.com o tramite l'app mobile entro 48 ore dal blocco della tariffa, aggiungi i nomi di tutti i passeggeri e paga l'importo residuo."
Come si paga il Blocco tariffa?,Puoi pagare la prenotazione con carta di credito e/o con i crediti del tuo conto WIZZ.
Il Blocco tariffa è disponibile durante le promozioni?,"No, il servizio Blocco tariffa non può essere usato insieme ad altri prezzi promozionali o offerte speciali."
Il Blocco tariffa viene rimborsato in caso di cancellazione del volo?,"Sì, il supplemento Blocco tariffa viene rimborsato nell'eventualità in cui il volo venga cancellato da Wizz Air."
Cosa succede se la programmazione del volo cambia durante il blocco della tariffa?,"Se la programmazione del volo selezionato con tariffa bloccata viene modificata entro il periodo di blocco della tariffa, il passeggero ha la facoltà di accettare la modifica e procedere con la prenotazione alla tariffa bloccata oppure di richiedere online il rimborso del supplemento per il Blocco tariffa."
Il Blocco tariffa è disponibile per tutti i voli?,"Il Blocco tariffa è disponibile per le prenotazioni effettuate oltre i 7 giorni che precedono la data di partenza. Se selezioni un volo andata e ritorno, il servizio è disponibile per le prenotazioni effettuate oltre i 7 giorni che precedono la data del primo volo."
Non posso viaggiare. Posso avere il rimborso del supplemento per l'imbarco prioritario?,"No, il supplemento per l'imbarco prioritario WIZZ non è rimborsabile."
Quali tipi di pasti sono forniti?,"I servizi di WIZZ Café e WIZZ Boutique iniziano qualche minuto dopo il decollo. Durante il servizio ti sarà offerta un'ampia scelta di prodotti, dalle bevande calde, ai regali, agli accessori. Per conoscere la gamma di prodotti completa offerta da WIZZ Café e WIZZ Boutique, fai clic qui ."
Posso pagare con carta a bordo?,"Si, puoi pagare con carta. Ti informiamo delle seguenti condizioni di pagamento: Puoi pagare solo con VISA o MasterCard, sia carte di debito sia di credito. Il valore massimo per transazione è di 150 €. L'importo massimo combinato pagabile da un cliente che usa una o più carte di credito è di 150 €. Il valore minimo per transazione è 2 €."
Non riesco ad accedere. Cosa devo fare?,È possibile che siano state eseguite più registrazioni con lo stesso indirizzo email. In questi casi l'accesso risulta bloccato. Contatta il Call center di Wizz Air per ottenere l'unione degli account duplicati.
Non riesco a trovare la mia prenotazione. Che succede?,È possibile che hai effettuato la prenotazione accedendo con un altro profilo. Contatta il call center di Wizz Air .
Ho fatto un errore durante la registrazione. Cosa fare?,"Puoi correggere gli errori ridigitando i dati personali rilevanti nel tuo profilo. Per procedere, accedi e fai clic su Il mio profilo. Tutti i campi sono modificabili, ad eccezione di nome, titolo e indirizzo email. Una volta inserite le modifiche, fai clic su Salva per confermarle. In alternativa, contatta il Call center di Wizz Air per ricevere assistenza."
IL SERVIZIO È DISPONIBILE PER TUTTE LE PRENOTAZIONI?,"Il servizio non è disponibile per le prenotazioni di gruppo,  i neonati o i passeggeri che necessitano di assistenza speciale. Se viaggi con un neonato, è obbligatorio specificarne il nome al momento della prenotazione."
POSSO AGGIUNGERE UN COMPAGNO DI VIAGGIO FLESSIBILE DOPO AVER CREATO LA PRENOTAZIONE?,"Il servizio è disponibile solo prima di aver completato la prenotazione. Una volta finalizzata la prenotazione, se desideri cambiare i nomi dei tuoi compagni di viaggio non puoi farlo tramite il servizio Compagno di viaggio flessibile, ma dovrai specificare i nomi dei nuovi compagni di viaggio e pagare l'apposito supplemento per il cambio di nome."
POSSO FARE UNA PRENOTAZIONE SENZA INSERIRE ALCUN NOME?,"No, devi indicare almeno un nome nella prenotazione."
POSSO EFFETTUARE IL CHECK-IN SENZA INSERIRE TUTTI I NOMI?,No. È necessario inserire tutti i nomi per poter effettuare il check-in del volo prenotato.
FINO A QUANDO È POSSIBILE EFFETTUARE IL CHECK-IN ONLINE?,Il check-in va effettuato al massimo entro 3 ore dalla partenza prevista per il volo.
CHE SUCCEDE SE NON INDICO TUTTI I NOMI DEI PASSEGGERI FINO AL MOMENTO DEL CHECK-IN?,"Se non hai fornito i nomi di tutti i tuoi compagni di viaggio flessibili fino al momento del check-in online, Wizz Air considera le prenotazioni per i compagni di viaggio flessibili per cui non hai specificato il nome cancellate e applica i termini delle condizioni generali di trasporto. Se hai selezionato la tariffa PLUS e desideri effettuare il check-in in aeroporto, dovrai fornire i nomi dei compagni di viaggio flessibili online accedendo alla prenotazione entro e non oltre 3 ore dalla partenza prevista per il volo. Se non indichi i nomi mancanti, le relative prenotazioni saranno cancellate. Ad esempio, se avevi prenotato un biglietto per 5 persone e hai fornito solo due nomi in fase di prenotazione, aggiungendo tre compagni di viaggio flessibili e non fornisci il nome di uno dei compagni di viaggio flessibili entro la scadenza prevista, Wizz Air considererà come cancellata la prenotazione di un compagno di viaggio e agirà in conformità alle condizioni generali di trasporto."
QUALI METODI DI PAGAMENTO SONO ACCETTATI?,Puoi pagare la prenotazione con carta di credito o con i crediti del tuo conto WIZZ. Non è possibile pagare tramite bonifico bancario le prenotazioni che prevedono compagni di viaggio flessibili.
POSSO CORREGGERE I NOMI DOPO AVER COMPLETATO LA PRENOTAZIONE?,"Una volta inseriti i nomi dei compagni di viaggio flessibili, puoi cambiarli corrispondendo la tariffa di cambio di nome ."
"SE HO SELEZIONATO LA TARIFFA PLUS E HO AGGIUNTO UN COMPAGNO DI VIAGGIO FLESSIBILE, POSSO USUFRUIRE DEL SERVIZIO DI CHECK-IN IN AEROPORTO?","Sì, puoi effettuare il check-in in aeroporto, ma solo se hai fornito i nomi dei compagni di viaggio flessibili online non oltre 3 ore prima della partenza prevista per il volo. In caso contrario, Wizz Air considererà la prenotazione del compagno di viaggio flessibile anonimo come cancellata dall'utente."
CHE SUCCEDE SE NON FORNISCO IL NOME DI NESSUNO DEI MIEI COMPAGNI DI VIAGGIO FLESSIBILI ENTRO LA SCADENZA PREVISTA?,"Se non indichi il nome entro la scadenza prevista, Wizz Air considererà la prenotazione per i compagni di viaggio anonimi come cancellata e agirà in conformità alle condizioni generali di trasporto. Se ti presenti in aeroporto con il tuo compagno di viaggio il cui nome non compare nella prenotazione, il passeggero non potrà viaggiare."
HO SELEZIONATO IL SERVIZIO COMPAGNO DI VIAGGIO FLESSIBILE E NON RIESCO A SELEZIONARE IL CHECK-IN IN AEROPORTO. COME MAI?,"Il servizio di check-in in aeroporto non è disponibile se la prenotazione include il servizio Compagno di viaggio flessibile, tranne nel caso in cui tu abbia selezionato la tariffa PLUS. Anche se hai selezionato la tariffa PLUS e desideri effettuare il check-in in aeroporto, devi indicare i nomi dei compagni di viaggio flessibili online, non oltre 3 ore prima della partenza prevista per il tuo volo."
"Se aggiungo il check-in automatico, quando avviene effettivamente il check-in?",Il check-in viene effettuato automaticamente 50 ore prima della partenza.
Quando posso aggiungere il check-in automatico alla prenotazione?,Puoi aggiungerlo in qualsiasi momento fino a 4 ore prima della partenza del volo.
"Se la mia prenotazione include più passeggeri, quante volte devo acquistare il servizio?",Il check-in automatico deve essere aggiunto singolarmente per ciascun passeggero e ciascuna tratta della prenotazione.
Come faccio a sapere se il servizio è supportato presso l'aeroporto?,"Se l'aeroporto accetta il check-in online, anche il  check-in automatico è supportato."
Come si ricevono le carte di imbarco con il check-in automatico?,Il titolare della prenotazione riceve la propria carta di imbarco e quelle per gli altri passeggeri inclusi nella prenotazione via email. Le carte di imbarco vengono inviate subito dopo l'esecuzione del check-in. È possibile accedervi anche tramite  l'itinerario online.
Devo stampare le carte di imbarco?,"Alcuni aeroporti accettano carte di imbarco digitali, ma se non è così assicurati di stamparle."
È possibile aggiungere il check-in automatico con altri pacchetti volo speciali WIZZ?,"Sì. Il check-in automatico è incluso nel pacchetto WIZZ Plus, ma può essere incluso anche con i servizi WIZZ Flex, check-in in aeroporto, compagno di viaggio flessibile o WIZZ Priority."
Perché devo inviare il numero di telefono e i dati del documento di viaggio per usare il check-in automatico?,"Per utilizzare il check-in automatico, dobbiamo verificare il numero di telefono dei passeggeri che transitano nell'area Schengen e i documenti di viaggio per chi viaggia fuori dall'area Schengen."
"Se aggiungo il check-in automatico per la tratta di andata e quella di ritorno, devo specificare il numero di telefono/documento di viaggio due volte?","No, basta inviare le informazioni una sola volta."
Dove si aggiunge il check-in automatico sul sito o nell'app?,"Puoi aggiungerlo quando prenoti il volo, quando usi il blocco tariffa e nella pagina dell'itinerario. In generale, il servizio non è disponibile in altre sezioni del sito."
Quando devo inserire il numero di telefono e/o i dati del documento di viaggio?,"Chiediamo di specificare queste informazioni nella pagina dell'itinerario ed è possibile aggiungerle fino a 4 ore prima della partenza programmata del volo . Se si aggiungi i dati successivamente, il servizio non viene attivato."
Il mio volo è stato cancellato. Posso ricevere il rimborso del check-in automatico di cui non ho usufruito?,"Sì, il costo del servizio viene rimborsato se il volo viene cancellato o se hai modificato i piani di viaggio con il servizio WIZZ Flex non oltre 14 giorni prima della partenza programmata del volo. Il check-in automatico non è rimborsabile se hai cambiato volo senza il servizio WIZZ Flex, nei casi in cui hai prenotato con il check-in automatico e il viaggio prevede aeroporti che accettano solo il check-in manuale o se avevi già fatto il  check-in manualmente."
Ho dimenticato di inserire il numero di telefono e/o il documento di viaggio e il check-in automatico non ha funzionato. Posso ricevere un rimborso?,No. Era tua responsabilità inserire le informazioni richieste secondo i termini del servizio di check-in automatico.
"Il check-in mi è stato proposto durante la scelta del posto, quindi l'ho effettuato. Il costo del check-in automatico mi verrà rimborsato?","No, il check-in automatico effettua il check-in automaticamente, ma non è consentito fare il check-in manuale prima. In tali casi, non si ha diritto al rimborso."
"Ho fatto il check-in manualmente prima del volo, come faccio di solito, non ho usato il check-in automatico. Posso ricevere un rimborso?","Purtroppo, non è previsto alcun rimborso in questi casi."
Cosa sono i Voli MIX & MATCH? Significa che Wizz Air opera voli di collegamento con scalo?,"Wizz Air non opera voli di collegamento con scalo ma aiuta i clienti a usufruire dell'ampia rete di destinazioni WIZZ. Ti mostriamo le destinazioni e ti guidiamo nella procedura di prenotazione, tutto ciò che devi fare è pianificare la tua prossima avventura e organizzare il viaggio prenotando due voli, passando per un aeroporto intermedio all'interno della nostra rete."
Come si prenota un Volo MIX & MATCH?,"Le raccomandazioni per Voli MIX & MATCH sono presenti solo sul sito web di Wizz Air. Puoi prenotare un Volo MIX & MATCH su wizzair.com selezionando la rotta e le date che preferisci nella casella di ricerca (i Voli MIX & MATCH sono contrassegnati da +1, ad es.: Tallin +1) e seguendo le istruzioni. Tramite le raccomandazioni per Voli MIX & MATCH è possibile prenotare solo un intero viaggio andata e ritorno. Prima di tutto, devi prenotare i primo viaggio andata e ritorno dall'aeroporto di partenza all'aeroporto intermedio. Dopo aver completato e pagato la prima prenotazione, verrai reindirizzato alla pagina per completare la seconda prenotazione, ovvero un secondo volo andata e ritorno dall'aeroporto intermedio alla destinazione finale. Si applica la consueta politica di cancellazione per ciascuna prenotazione di Voli MIX & MATCH. Una volta prenotato/pagato il viaggio andata e ritorno, non è possibile cancellarlo gratuitamente anche se l'acquisto del viaggio andata e ritorno successivo non viene finalizzato. Le prenotazioni sono indipendenti l'una dall'altra. Ad esempio, se vuoi fare un viaggio andata e ritorno da Gran Canaria a Praga via Roma, dovrai prenotare prima il viaggio andata e ritorno Gran Canaria-Roma-Gran Canaria. Successivamente, potrai prenotare e pagare il viaggio andata e ritorno Roma-Praga-Roma. Verranno generate due prenotazioni andata e ritorno separate e riceverai due codici di conferma separati in due diverse email."
Sono disponibili raccomandazioni per Biglietti MIX & MATCH per tutte le possibili combinazioni di rotte?,"No, la sezione Voli MIX & MATCH mette a disposizione solo una selezione di rotte. Verifica tutti i Voli COMBINATI al momento disponibili usando la casella di ricerca su wizzair.com (le raccomandazioni per i voli COMBINATI sono indicate in questo modo: ""[nome destinazione] +1"")."
Come si paga per un Volo MIX & MATCH?,"Al momento, i Voli MIX & MATCH possono essere acquistati solo con carta di credito bancaria. Durante la prenotazione, dovrai effettuare due pagamenti separati, uno per ciascun viaggio andata e ritorno."
Come essere certi di avere tempo a sufficienza per prendere il secondo volo?,I Voli MIX & MATCH sono disponibili solo quando è disponibile un tempo ottimale per effettuare tutte le procedure di check-in e controlli di sicurezza in aeroporto. Vengono considerate almeno 3 ore di tempo per lo scalo. Wizz Air declina ogni responsabilità se non ti presenti in tempo per il check-in/imbarco sul secondo volo.
Come si effettua il check-in per i Voli MIX & MATCH?,"Devi fare il check-in per ciascuna tratta e prenotazione separatamente entro i tempi consueti. Puoi effettuare il check-in online a partire da almeno 30 giorni/48 ore prima della partenza programmata e fino a 3 ore prima. In alternativa, il check-in in aeroporto è disponibile pagando un supplemento, a men che il servizio di check-in in aeroporto non venga acquistato prima. Il check-in online apre in orari diversi per ciascun volo. Per maggiori informazioni consulta: Check-in e imbarco ."
Posso fare il check-in online presso entrambi gli aeroporti di partenza?,"Ti consigliamo di fare il check-in online per entrambi i voli e le prenotazioni entro i rispettivi orari di apertura e chiusura del check-in online. Alcuni aeroporti non supportano il check-in online e non emettono carte di imbarco elettroniche. In tal caso, recati al banco del check-in presso i rispettivi aeroporti (partenza o intermediario) per effettuare il check-in gratuitamente. Per maggiori informazioni e per l'elenco degli aeroporti con check-in gratuito, consulta: Check-in e imbarco ."
Devo effettuare il check-in e il check-out in ciascun aeroporto di partenza?,"Sì, segui le normali procedure di check-in e check-out per ciascuno dei due voli e prenotazioni. Inn altre parole, dovrai fare il check-in, consegnare il bagaglio, superare i controlli di sicurezza e dei documenti presso l'aeroporto di partenza, quindi effettuare il check-out e ritirare il bagaglio da stiva presso l'aeroporto intermedio. Successivamente, devi ripetere la stessa procedura presso l'aeroporto intermedio e quello di arrivo."
Come imbarcare il bagaglio se viaggio con Voli MIX & MATCH?,"Se viaggi con bagaglio da stiva, devi consegnare il bagaglio presso ciascun aeroporto (di partenza e intermedio). All'arrivo presso l'aeroporto intermedio, procedi all'area di ritiro bagagli, prendi il tuo bagaglio e lascia l'area di transito. Consegna il bagaglio al banco del check-in di Wizz Air per il volo successivo e procedi ai controlli di sicurezza e dei documenti per imbarcarti sul secondo volo."
Devo superare i controlli di sicurezza anche presso l'aeroporto intermedio?,"Sì. Presso l'aeroporto intermedio devi uscire dalla zona di transito completamente e superare i controlli di sicurezza e dei documenti nuovamente per imbarcarti sul volo successivo. Nota: se a causa dei controlli di sicurezza e dei documenti e di eventuali ritardi non riesci a imbarcarti su uno o tutti i voli, Wizz Air non rimborsa, risarcisce né offre una nuova prenotazione per i voli persi, inclusi quelli successivi."
Serve un visto/certificato vaccinale/tampone/modulo di localizzazione del passeggero per il paese dell'aeroporto intermedio?,"Presso l'aeroporto intermedio, devi effettuare le normali procedure di check-out e check-in, inclusi i controlli di sicurezza e dei documenti. È responsabilità del passeggero disporre di tutti i documenti necessari, inclusi quelli relativi al COVID-19, richiesti dalle autorità nazionali sia del paese intermedio sia di quello di destinazione . Potrebbero essere necessari alcuni visti o documenti speciali per l'ingresso nel paese intermedio (che potrebbero differire dai documenti di transito). Consulta le autorità locali o le fonti ufficiali prima di metterti in viaggio. Prepara i documenti prima dell'imbarco, perché potrebbero essere controllati in aeroporto. Wizz Air non organizza procedure speciali per i passeggeri con biglietti per Voli MIX & MATCH e richiede un documento di viaggio valido e la carta di imbarco a tutti i passeggeri, inclusi bambini e neonati, sia per il paese intermedio sia per quello di destinazione ."
Posso acquistare biglietti flessibili?,"No, Wizz Air non offre biglietti flessibili. I Voli MIX & MATCH vengono suggeriti considerando i tempi ottimali per completare tutte le procedure di check-in e sicurezza presso gli aeroporti (almeno 3 ore). Nota: se a causa dei controlli di sicurezza e dei documenti e di eventuali ritardi non riesci a imbarcarti su uno dei voli, Wizz Air non rimborsa, risarcisce né offre una nuova prenotazione per i voli persi, inclusi quelli successivi."
È disponibile il Wizz Discount Club per i Voli MIX & MATCH?,Sì. È possibile usufruire dei vantaggi del Wizz Discount Club per i Voli MIX & MATCH.
Le persone con disabilità possono ricevere assistenza presso l'aeroporto intermedio?,Sì. Puoi richiedere l'assistenza speciale per entrambi i voli quando crei la prenotazione o successivamente tramite il tuo account WIZZ almeno 48 ore prima della partenza del volo. Dovrai richiedere l'assistenza speciale per ciascun volo separatamente. Contatta il call center per l'assistenza speciale locale per confermare la richiesta di assistenza. Per maggiori informazioni: Assistenza speciale per voli interrotti e passeggeri con disabilità .
"Se perdo i primo volo, posso comunque imbarcarmi sul secondo?","Sì. Le due prenotazioni sono indipendenti. Se non riesci a imbarcarti sul volo dall'aeroporto di partenza a quello intermedio, puoi comunque imbarcarti sul volo dall'aeroporto intermedio a quello di destinazione."
Cos'è un servizio aggiuntivo?,"I SERVIZI AGGIUNTIVI sono tutti i prodotti e servizi acquistati in connessione al trasporto aereo e forniti da terze parti, ad esempio noleggio auto, sistemazione in hotel, trasferimento in aeroporto, parcheggio in aeroporto, Fast Track , lounge, ecc."
"Ho cambiato il mio volo di recente, i servizi aggiuntivi sono stati modificati automaticamente?","Per cambiare la data/ora dei servizi aggiuntivi prenotati in funzione dei voli, contatta direttamente i relativi fornitori per ricevere assistenza."
Ho acquistato l'assicurazione di viaggio e desidero cancellare la prenotazione. Come fare?,"Puoi cancellare la tua prenotazione tramite il call center oppure inviando semplicemente una richiesta sul nostro sito. Tieni presente che verranno applicati i termini e condizioni standard. Per informazioni relative alla copertura della tua assicurazione di viaggio, contatta direttamente la compagnia assicuratrice."
"Ho prenotato un servizio aggiuntivo, posso ricevere la relativa fattura?",Purtroppo non emettiamo fatture per i servizi aggiuntivi. Rivolgiti al fornitore del servizio per maggiori informazioni relative alle fatture.
"Desidero cancellare la prenotazione, posso ottenere un rimborso per i servizi aggiuntivi prenotati?","Se intendi cancellare la prenotazione, verranno applicati i termini e le condizioni. Consulta in merito le Condizioni generali di trasporto. Per verificare se ti spetta un rimborso per i servizi aggiuntivi che avevi acquistato, contatta i rispettivi fornitori."
"Ho prenotato un servizio aggiuntivo, ma non mi è stato fornito. Posso chiedere un rimborso?","Purtroppo, non emettiamo rimborsi per i servizi aggiuntivi perché questi non sono forniti direttamente da Wizz Air. Per verificare se ti spetta un rimborso, contatta il fornitore del servizio."
Come posso ricevere i crediti sul mio conto WIZZ dopo una prenotazione effettuata su Booking.com?,"Il credito sarà visibile sul tuo conto WIZZ automaticamente. Se non hai ricevuto il credito sul tuo conto WIZZ, invia un reclamo tramite il nostro sito qui e ti assisteremo al riguardo."
I punti accumulati con la mia carta di credito in co-branding non risultano sul mio conto WIZZ. Cosa fare?,Contatta l'emittente della carta in co-branding per ricevere ulteriori informazioni sull'assegnazione dei punti sul conto WIZZ.
Ho un reclamo relativo ai servizi aggiuntivi. Cosa fare?,Contatta i relativi fornitori direttamente per inviare il tuo reclamo.
